"","rate","total","height","log_height"
"1",0,0,0.476989793742656,0.74026018508863
"2",0,5,0.0804283731674188,2.52038826495953
"3",0,10,0.030365019470548,3.49446400841601
"4",0,15,0.016288085578368,4.11732138455317
"5",0,20,0.0100998585994463,4.59523385528775
"6",0,25,0.0068069863442278,4.98980579065499
"7",0,30,0.00482868746593235,5.33318059443112
"8",0,35,0.00359539090772062,5.62810255721964
"9",0,40,0.00279634478090936,5.87944215001355
"10",0,45,0.00222149600856932,6.10957443231767
"11",0,50,0.00180962309089197,6.31463669246501
"12",0,55,0.00149507124704817,6.50558141638663
"13",0,60,0.00125335187711452,6.6819338147878
"14",0,65,0.00106398744494815,6.84573168799306
"15",0,70,0.000909667043706662,7.00243191144264
"16",0,75,0.000788701804429819,7.14512224970975
"17",0,80,0.00068356971165518,7.2881819148209
"18",0,85,0.000598492937783334,7.42109583289663
"19",0,90,0.000525238246633134,7.55165859519941
"20",0,95,0.000464650072684698,7.67422596753202
"21",0,100,0.000415672872837878,7.78561197041935
"22",0,105,0.000375984452272352,7.88596276576882
"23",0,110,0.000334184945506532,8.00381598917747
"24",0,115,0.000299774240441741,8.11248089846317
"25",0,120,0.000267474621577243,8.22648586873734
"26",0,125,0.000241508261313628,8.32860687711874
"27",0,130,0.0002197640734506,8.42295598044351
"28",0,135,0.000197808776967543,8.52820976682006
"29",0,140,0.000181131195985221,8.61628894957052
"30",0,145,0.000163398071902752,8.71932117546875
"31",0,150,0.0001500982288409,8.80422061925524
"32",0,155,0.000136587277159018,8.89854675455758
"33",0,160,0.00012560962891749,8.98233164351285
"34",0,165,0.000112098677235609,9.09613102781654
"35",0,170,0.000102809897954315,9.18262892597589
"36",0,175,9.20433583328161e-05,9.29325080570944
"37",0,180,8.2332361811464e-05,9.40474630993479
"38",0,185,7.59991032105821e-05,9.48478901760832
"39",0,190,7.09324963298766e-05,9.55378188909527
"40",0,195,6.628810668923e-05,9.62150006315023
"41",0,200,6.22770429086715e-05,9.68391769271866
"42",0,205,5.88993049882011e-05,9.73968126723711
"43",0,210,5.42549153475545e-05,9.82181696416326
"44",0,215,5.23549377672899e-05,9.8574643028935
"45",0,220,4.79216567466726e-05,9.94594303157708
"46",0,225,4.60216791664081e-05,9.98639798626939
"47",0,230,4.26439412459377e-05,10.0626253516573
"48",0,235,4.1166180905732e-05,10.0978934904947
"49",0,240,3.88439860854086e-05,10.1559572914495
"50",0,245,3.75773343652323e-05,10.1891094987664
"51",0,250,3.58884654049971e-05,10.2350946120082
"52",0.05,0,0.476989793742656,0.74026018508863
"53",0.05,5,0.0804283731674188,2.52038826495953
"54",0.05,10,0.030365019470548,3.49446400841601
"55",0.05,15,0.016288085578368,4.11732138455317
"56",0.05,20,0.0100998585994463,4.59523385528775
"57",0.05,25,0.0068069863442278,4.98980579065499
"58",0.05,30,0.00482868746593235,5.33318059443112
"59",0.05,35,0.00359539090772062,5.62810255721964
"60",0.05,40,0.00279634478090936,5.87944215001355
"61",0.05,45,0.00222149600856932,6.10957443231767
"62",0.05,50,0.00180962309089197,6.31463669246501
"63",0.05,55,0.00149507124704817,6.50558141638663
"64",0.05,60,0.00125335187711452,6.6819338147878
"65",0.05,65,0.00106398744494815,6.84573168799306
"66",0.05,70,0.000909667043706662,7.00243191144264
"67",0.05,75,0.000788701804429819,7.14512224970975
"68",0.05,80,0.00068356971165518,7.2881819148209
"69",0.05,85,0.000598492937783334,7.42109583289663
"70",0.05,90,0.000525238246633134,7.55165859519941
"71",0.05,95,0.000464650072684698,7.67422596753202
"72",0.05,100,0.000415672872837878,7.78561197041935
"73",0.05,105,0.000375984452272352,7.88596276576882
"74",0.05,110,0.000334184945506532,8.00381598917747
"75",0.05,115,0.000299774240441741,8.11248089846317
"76",0.05,120,0.000267474621577243,8.22648586873734
"77",0.05,125,0.000241508261313628,8.32860687711874
"78",0.05,130,0.0002197640734506,8.42295598044351
"79",0.05,135,0.000197808776967543,8.52820976682006
"80",0.05,140,0.000181131195985221,8.61628894957052
"81",0.05,145,0.000163398071902752,8.71932117546875
"82",0.05,150,0.0001500982288409,8.80422061925524
"83",0.05,155,0.000136587277159018,8.89854675455758
"84",0.05,160,0.00012560962891749,8.98233164351285
"85",0.05,165,0.000112098677235609,9.09613102781654
"86",0.05,170,0.000102809897954315,9.18262892597589
"87",0.05,175,9.20433583328161e-05,9.29325080570944
"88",0.05,180,8.2332361811464e-05,9.40474630993479
"89",0.05,185,7.59991032105821e-05,9.48478901760832
"90",0.05,190,7.09324963298766e-05,9.55378188909527
"91",0.05,195,6.628810668923e-05,9.62150006315023
"92",0.05,200,6.22770429086715e-05,9.68391769271866
"93",0.05,205,5.88993049882011e-05,9.73968126723711
"94",0.05,210,5.42549153475545e-05,9.82181696416326
"95",0.05,215,5.23549377672899e-05,9.8574643028935
"96",0.05,220,4.79216567466726e-05,9.94594303157708
"97",0.05,225,4.60216791664081e-05,9.98639798626939
"98",0.05,230,4.26439412459377e-05,10.0626253516573
"99",0.05,235,4.1166180905732e-05,10.0978934904947
"100",0.05,240,3.88439860854086e-05,10.1559572914495
"101",0.05,245,3.75773343652323e-05,10.1891094987664
"102",0.05,250,3.58884654049971e-05,10.2350946120082
"103",0.1,0,0.476989793742656,0.74026018508863
"104",0.1,5,0.0804283731674188,2.52038826495953
"105",0.1,10,0.030365019470548,3.49446400841601
"106",0.1,15,0.016288085578368,4.11732138455317
"107",0.1,20,0.0100998585994463,4.59523385528775
"108",0.1,25,0.0068069863442278,4.98980579065499
"109",0.1,30,0.00482868746593235,5.33318059443112
"110",0.1,35,0.00359539090772062,5.62810255721964
"111",0.1,40,0.00279634478090936,5.87944215001355
"112",0.1,45,0.00222149600856932,6.10957443231767
"113",0.1,50,0.00180962309089197,6.31463669246501
"114",0.1,55,0.00149507124704817,6.50558141638663
"115",0.1,60,0.00125335187711452,6.6819338147878
"116",0.1,65,0.00106398744494815,6.84573168799306
"117",0.1,70,0.000909667043706662,7.00243191144264
"118",0.1,75,0.000788701804429819,7.14512224970975
"119",0.1,80,0.00068356971165518,7.2881819148209
"120",0.1,85,0.000598492937783334,7.42109583289663
"121",0.1,90,0.000525238246633134,7.55165859519941
"122",0.1,95,0.000464650072684698,7.67422596753202
"123",0.1,100,0.000415672872837878,7.78561197041935
"124",0.1,105,0.000375984452272352,7.88596276576882
"125",0.1,110,0.000334184945506532,8.00381598917747
"126",0.1,115,0.000299774240441741,8.11248089846317
"127",0.1,120,0.000267474621577243,8.22648586873734
"128",0.1,125,0.000241508261313628,8.32860687711874
"129",0.1,130,0.0002197640734506,8.42295598044351
"130",0.1,135,0.000197808776967543,8.52820976682006
"131",0.1,140,0.000181131195985221,8.61628894957052
"132",0.1,145,0.000163398071902752,8.71932117546875
"133",0.1,150,0.0001500982288409,8.80422061925524
"134",0.1,155,0.000136587277159018,8.89854675455758
"135",0.1,160,0.00012560962891749,8.98233164351285
"136",0.1,165,0.000112098677235609,9.09613102781654
"137",0.1,170,0.000102809897954315,9.18262892597589
"138",0.1,175,9.20433583328161e-05,9.29325080570944
"139",0.1,180,8.2332361811464e-05,9.40474630993479
"140",0.1,185,7.59991032105821e-05,9.48478901760832
"141",0.1,190,7.09324963298766e-05,9.55378188909527
"142",0.1,195,6.628810668923e-05,9.62150006315023
"143",0.1,200,6.22770429086715e-05,9.68391769271866
"144",0.1,205,5.88993049882011e-05,9.73968126723711
"145",0.1,210,5.42549153475545e-05,9.82181696416326
"146",0.1,215,5.23549377672899e-05,9.8574643028935
"147",0.1,220,4.79216567466726e-05,9.94594303157708
"148",0.1,225,4.60216791664081e-05,9.98639798626939
"149",0.1,230,4.26439412459377e-05,10.0626253516573
"150",0.1,235,4.1166180905732e-05,10.0978934904947
"151",0.1,240,3.88439860854086e-05,10.1559572914495
"152",0.1,245,3.75773343652323e-05,10.1891094987664
"153",0.1,250,3.58884654049971e-05,10.2350946120082
"154",0.15,0,0.476989793742656,0.74026018508863
"155",0.15,5,0.0804283731674188,2.52038826495953
"156",0.15,10,0.030365019470548,3.49446400841601
"157",0.15,15,0.016288085578368,4.11732138455317
"158",0.15,20,0.0100998585994463,4.59523385528775
"159",0.15,25,0.0068069863442278,4.98980579065499
"160",0.15,30,0.00482868746593235,5.33318059443112
"161",0.15,35,0.00359539090772062,5.62810255721964
"162",0.15,40,0.00279634478090936,5.87944215001355
"163",0.15,45,0.00222149600856932,6.10957443231767
"164",0.15,50,0.00180962309089197,6.31463669246501
"165",0.15,55,0.00149507124704817,6.50558141638663
"166",0.15,60,0.00125335187711452,6.6819338147878
"167",0.15,65,0.00106398744494815,6.84573168799306
"168",0.15,70,0.000909667043706662,7.00243191144264
"169",0.15,75,0.000788701804429819,7.14512224970975
"170",0.15,80,0.00068356971165518,7.2881819148209
"171",0.15,85,0.000598492937783334,7.42109583289663
"172",0.15,90,0.000525238246633134,7.55165859519941
"173",0.15,95,0.000464650072684698,7.67422596753202
"174",0.15,100,0.000415672872837878,7.78561197041935
"175",0.15,105,0.000375984452272352,7.88596276576882
"176",0.15,110,0.000334184945506532,8.00381598917747
"177",0.15,115,0.000299774240441741,8.11248089846317
"178",0.15,120,0.000267474621577243,8.22648586873734
"179",0.15,125,0.000241508261313628,8.32860687711874
"180",0.15,130,0.0002197640734506,8.42295598044351
"181",0.15,135,0.000197808776967543,8.52820976682006
"182",0.15,140,0.000181131195985221,8.61628894957052
"183",0.15,145,0.000163398071902752,8.71932117546875
"184",0.15,150,0.0001500982288409,8.80422061925524
"185",0.15,155,0.000136587277159018,8.89854675455758
"186",0.15,160,0.00012560962891749,8.98233164351285
"187",0.15,165,0.000112098677235609,9.09613102781654
"188",0.15,170,0.000102809897954315,9.18262892597589
"189",0.15,175,9.20433583328161e-05,9.29325080570944
"190",0.15,180,8.2332361811464e-05,9.40474630993479
"191",0.15,185,7.59991032105821e-05,9.48478901760832
"192",0.15,190,7.09324963298766e-05,9.55378188909527
"193",0.15,195,6.628810668923e-05,9.62150006315023
"194",0.15,200,6.22770429086715e-05,9.68391769271866
"195",0.15,205,5.88993049882011e-05,9.73968126723711
"196",0.15,210,5.42549153475545e-05,9.82181696416326
"197",0.15,215,5.23549377672899e-05,9.8574643028935
"198",0.15,220,4.79216567466726e-05,9.94594303157708
"199",0.15,225,4.60216791664081e-05,9.98639798626939
"200",0.15,230,4.26439412459377e-05,10.0626253516573
"201",0.15,235,4.1166180905732e-05,10.0978934904947
"202",0.15,240,3.88439860854086e-05,10.1559572914495
"203",0.15,245,3.75773343652323e-05,10.1891094987664
"204",0.15,250,3.58884654049971e-05,10.2350946120082
"205",0.2,0,0.476989793742656,0.74026018508863
"206",0.2,5,0.0804283731674188,2.52038826495953
"207",0.2,10,0.030365019470548,3.49446400841601
"208",0.2,15,0.016288085578368,4.11732138455317
"209",0.2,20,0.0100998585994463,4.59523385528775
"210",0.2,25,0.0068069863442278,4.98980579065499
"211",0.2,30,0.00482868746593235,5.33318059443112
"212",0.2,35,0.00359539090772062,5.62810255721964
"213",0.2,40,0.00279634478090936,5.87944215001355
"214",0.2,45,0.00222149600856932,6.10957443231767
"215",0.2,50,0.00180962309089197,6.31463669246501
"216",0.2,55,0.00149507124704817,6.50558141638663
"217",0.2,60,0.00125335187711452,6.6819338147878
"218",0.2,65,0.00106398744494815,6.84573168799306
"219",0.2,70,0.000909667043706662,7.00243191144264
"220",0.2,75,0.000788701804429819,7.14512224970975
"221",0.2,80,0.00068356971165518,7.2881819148209
"222",0.2,85,0.000598492937783334,7.42109583289663
"223",0.2,90,0.000525238246633134,7.55165859519941
"224",0.2,95,0.000464650072684698,7.67422596753202
"225",0.2,100,0.000415672872837878,7.78561197041935
"226",0.2,105,0.000375984452272352,7.88596276576882
"227",0.2,110,0.000334184945506532,8.00381598917747
"228",0.2,115,0.000299774240441741,8.11248089846317
"229",0.2,120,0.000267474621577243,8.22648586873734
"230",0.2,125,0.000241508261313628,8.32860687711874
"231",0.2,130,0.0002197640734506,8.42295598044351
"232",0.2,135,0.000197808776967543,8.52820976682006
"233",0.2,140,0.000181131195985221,8.61628894957052
"234",0.2,145,0.000163398071902752,8.71932117546875
"235",0.2,150,0.0001500982288409,8.80422061925524
"236",0.2,155,0.000136587277159018,8.89854675455758
"237",0.2,160,0.00012560962891749,8.98233164351285
"238",0.2,165,0.000112098677235609,9.09613102781654
"239",0.2,170,0.000102809897954315,9.18262892597589
"240",0.2,175,9.20433583328161e-05,9.29325080570944
"241",0.2,180,8.2332361811464e-05,9.40474630993479
"242",0.2,185,7.59991032105821e-05,9.48478901760832
"243",0.2,190,7.09324963298766e-05,9.55378188909527
"244",0.2,195,6.628810668923e-05,9.62150006315023
"245",0.2,200,6.22770429086715e-05,9.68391769271866
"246",0.2,205,5.88993049882011e-05,9.73968126723711
"247",0.2,210,5.42549153475545e-05,9.82181696416326
"248",0.2,215,5.23549377672899e-05,9.8574643028935
"249",0.2,220,4.79216567466726e-05,9.94594303157708
"250",0.2,225,4.60216791664081e-05,9.98639798626939
"251",0.2,230,4.26439412459377e-05,10.0626253516573
"252",0.2,235,4.1166180905732e-05,10.0978934904947
"253",0.2,240,3.88439860854086e-05,10.1559572914495
"254",0.2,245,3.75773343652323e-05,10.1891094987664
"255",0.2,250,3.58884654049971e-05,10.2350946120082
"256",0.25,0,0.476989793742656,0.74026018508863
"257",0.25,5,0.0804283731674188,2.52038826495953
"258",0.25,10,0.030365019470548,3.49446400841601
"259",0.25,15,0.016288085578368,4.11732138455317
"260",0.25,20,0.0100998585994463,4.59523385528775
"261",0.25,25,0.0068069863442278,4.98980579065499
"262",0.25,30,0.00482868746593235,5.33318059443112
"263",0.25,35,0.00359539090772062,5.62810255721964
"264",0.25,40,0.00279634478090936,5.87944215001355
"265",0.25,45,0.00222149600856932,6.10957443231767
"266",0.25,50,0.00180962309089197,6.31463669246501
"267",0.25,55,0.00149507124704817,6.50558141638663
"268",0.25,60,0.00125335187711452,6.6819338147878
"269",0.25,65,0.00106398744494815,6.84573168799306
"270",0.25,70,0.000909667043706662,7.00243191144264
"271",0.25,75,0.000788701804429819,7.14512224970975
"272",0.25,80,0.00068356971165518,7.2881819148209
"273",0.25,85,0.000598492937783334,7.42109583289663
"274",0.25,90,0.000525238246633134,7.55165859519941
"275",0.25,95,0.000464650072684698,7.67422596753202
"276",0.25,100,0.000415672872837878,7.78561197041935
"277",0.25,105,0.000375984452272352,7.88596276576882
"278",0.25,110,0.000334184945506532,8.00381598917747
"279",0.25,115,0.000299774240441741,8.11248089846317
"280",0.25,120,0.000267474621577243,8.22648586873734
"281",0.25,125,0.000241508261313628,8.32860687711874
"282",0.25,130,0.0002197640734506,8.42295598044351
"283",0.25,135,0.000197808776967543,8.52820976682006
"284",0.25,140,0.000181131195985221,8.61628894957052
"285",0.25,145,0.000163398071902752,8.71932117546875
"286",0.25,150,0.0001500982288409,8.80422061925524
"287",0.25,155,0.000136587277159018,8.89854675455758
"288",0.25,160,0.00012560962891749,8.98233164351285
"289",0.25,165,0.000112098677235609,9.09613102781654
"290",0.25,170,0.000102809897954315,9.18262892597589
"291",0.25,175,9.20433583328161e-05,9.29325080570944
"292",0.25,180,8.2332361811464e-05,9.40474630993479
"293",0.25,185,7.59991032105821e-05,9.48478901760832
"294",0.25,190,7.09324963298766e-05,9.55378188909527
"295",0.25,195,6.628810668923e-05,9.62150006315023
"296",0.25,200,6.22770429086715e-05,9.68391769271866
"297",0.25,205,5.88993049882011e-05,9.73968126723711
"298",0.25,210,5.42549153475545e-05,9.82181696416326
"299",0.25,215,5.23549377672899e-05,9.8574643028935
"300",0.25,220,4.79216567466726e-05,9.94594303157708
"301",0.25,225,4.60216791664081e-05,9.98639798626939
"302",0.25,230,4.26439412459377e-05,10.0626253516573
"303",0.25,235,4.1166180905732e-05,10.0978934904947
"304",0.25,240,3.88439860854086e-05,10.1559572914495
"305",0.25,245,3.75773343652323e-05,10.1891094987664
"306",0.25,250,3.58884654049971e-05,10.2350946120082
"307",0.3,0,0.476989793742656,0.74026018508863
"308",0.3,5,0.0804283731674188,2.52038826495953
"309",0.3,10,0.030365019470548,3.49446400841601
"310",0.3,15,0.016288085578368,4.11732138455317
"311",0.3,20,0.0100998585994463,4.59523385528775
"312",0.3,25,0.0068069863442278,4.98980579065499
"313",0.3,30,0.00482868746593235,5.33318059443112
"314",0.3,35,0.00359539090772062,5.62810255721964
"315",0.3,40,0.00279634478090936,5.87944215001355
"316",0.3,45,0.00222149600856932,6.10957443231767
"317",0.3,50,0.00180962309089197,6.31463669246501
"318",0.3,55,0.00149507124704817,6.50558141638663
"319",0.3,60,0.00125335187711452,6.6819338147878
"320",0.3,65,0.00106398744494815,6.84573168799306
"321",0.3,70,0.000909667043706662,7.00243191144264
"322",0.3,75,0.000788701804429819,7.14512224970975
"323",0.3,80,0.00068356971165518,7.2881819148209
"324",0.3,85,0.000598492937783334,7.42109583289663
"325",0.3,90,0.000525238246633134,7.55165859519941
"326",0.3,95,0.000464650072684698,7.67422596753202
"327",0.3,100,0.000415672872837878,7.78561197041935
"328",0.3,105,0.000375984452272352,7.88596276576882
"329",0.3,110,0.000334184945506532,8.00381598917747
"330",0.3,115,0.000299774240441741,8.11248089846317
"331",0.3,120,0.000267474621577243,8.22648586873734
"332",0.3,125,0.000241508261313628,8.32860687711874
"333",0.3,130,0.0002197640734506,8.42295598044351
"334",0.3,135,0.000197808776967543,8.52820976682006
"335",0.3,140,0.000181131195985221,8.61628894957052
"336",0.3,145,0.000163398071902752,8.71932117546875
"337",0.3,150,0.0001500982288409,8.80422061925524
"338",0.3,155,0.000136587277159018,8.89854675455758
"339",0.3,160,0.00012560962891749,8.98233164351285
"340",0.3,165,0.000112098677235609,9.09613102781654
"341",0.3,170,0.000102809897954315,9.18262892597589
"342",0.3,175,9.20433583328161e-05,9.29325080570944
"343",0.3,180,8.2332361811464e-05,9.40474630993479
"344",0.3,185,7.59991032105821e-05,9.48478901760832
"345",0.3,190,7.09324963298766e-05,9.55378188909527
"346",0.3,195,6.628810668923e-05,9.62150006315023
"347",0.3,200,6.22770429086715e-05,9.68391769271866
"348",0.3,205,5.88993049882011e-05,9.73968126723711
"349",0.3,210,5.42549153475545e-05,9.82181696416326
"350",0.3,215,5.23549377672899e-05,9.8574643028935
"351",0.3,220,4.79216567466726e-05,9.94594303157708
"352",0.3,225,4.60216791664081e-05,9.98639798626939
"353",0.3,230,4.26439412459377e-05,10.0626253516573
"354",0.3,235,4.1166180905732e-05,10.0978934904947
"355",0.3,240,3.88439860854086e-05,10.1559572914495
"356",0.3,245,3.75773343652323e-05,10.1891094987664
"357",0.3,250,3.58884654049971e-05,10.2350946120082
"358",0.35,0,0.445025626475385,0.809623410888863
"359",0.35,5,0.0744501992654264,2.59762484335568
"360",0.35,10,0.0290392573367634,3.53910666315547
"361",0.35,15,0.0154873505825965,4.16773167968623
"362",0.35,20,0.00951973211160553,4.65438857011202
"363",0.35,25,0.00639701340413072,5.0519240531387
"364",0.35,30,0.00454727967543316,5.3932260983481
"365",0.35,35,0.00336443807740846,5.69449432019885
"366",0.35,40,0.00260550258840279,5.95012969017747
"367",0.35,45,0.00206612006422769,6.18208279563266
"368",0.35,50,0.00168211348439422,6.38770424979405
"369",0.35,55,0.00138360589567265,6.58306221979972
"370",0.35,60,0.00115645302052102,6.76239769923546
"371",0.35,65,0.000981021757276597,6.9269159199735
"372",0.35,70,0.000839367873236874,7.08286148128201
"373",0.35,75,0.000726213652901118,7.22766629869104
"374",0.35,80,0.000628681470447538,7.37188583581452
"375",0.35,85,0.000549726846556544,7.50608904573002
"376",0.35,90,0.00048132765366702,7.63896232710999
"377",0.35,95,0.000424539434879113,7.76450565928583
"378",0.35,100,0.000379573298812852,7.87646283402691
"379",0.35,105,0.000343051507547766,7.97762995429464
"380",0.35,110,0.000304418630082387,8.09710673121358
"381",0.35,115,0.000273385662938066,8.20462707492484
"382",0.35,120,0.00024404156475398,8.31817199982616
"383",0.35,125,0.000219975182070629,8.42199582674517
"384",0.35,130,0.000200130971787866,8.51653854680346
"385",0.35,135,0.000179442327024986,8.62565669957412
"386",0.35,140,0.000164875832242957,8.71031789921879
"387",0.35,145,0.000149676011600841,8.80703752252635
"388",0.35,150,0.000136798385779048,8.8970023527062
"389",0.35,155,0.000123920759957255,8.99586822923038
"390",0.35,160,0.000113365328955785,9.08489495454961
"391",0.35,165,0.000101543246234139,9.19502577895272
"392",0.35,170,9.28877928129337e-05,9.28411832214617
"393",0.35,175,8.33879049116109e-05,9.39200728415736
"394",0.35,180,7.4310234250347e-05,9.50726187346038
"395",0.35,185,6.86103015095533e-05,9.58706786672874
"396",0.35,190,6.39659118689066e-05,9.65716024354911
"397",0.35,195,5.95326308482893e-05,9.72898597812036
"398",0.35,200,5.59437843077896e-05,9.79116322307226
"399",0.35,205,5.34104808674369e-05,9.83750356033096
"400",0.35,210,4.89771998468196e-05,9.92415567739217
"401",0.35,215,4.7077222266555e-05,9.96372127759836
"402",0.35,220,4.28550498659671e-05,10.0576870700167
"403",0.35,225,4.1166180905732e-05,10.0978934904947
"404",0.35,230,3.79995516052911e-05,10.1779361981683
"405",0.35,235,3.65217912650853e-05,10.2176014545607
"406",0.35,240,3.46218136848207e-05,10.2710266212343
"407",0.35,245,3.33551619646444e-05,10.3082980160315
"408",0.35,250,3.16662930044092e-05,10.3602577549622
"409",0.4,0,0.424202716630166,0.857543832746257
"410",0.4,5,0.0619299803373431,2.78175088153031
"411",0.4,10,0.0207236887938056,3.87647784684735
"412",0.4,15,0.00994849371888523,4.61033412430817
"413",0.4,20,0.00560598940488058,5.18391971620198
"414",0.4,25,0.00349638096492684,5.65602685546483
"415",0.4,30,0.0023139615841422,6.06879425184276
"416",0.4,35,0.00160885879324402,6.43223017539236
"417",0.4,40,0.00116911953772279,6.75150434532757
"418",0.4,45,0.000873567469681635,7.04292519075299
"419",0.4,50,0.000663303284132358,7.31827823024291
"420",0.4,55,0.0005163716845919,7.56868373281136
"421",0.4,60,0.000403850790116232,7.81446507961823
"422",0.4,65,0.000321518428304768,8.04245569616332
"423",0.4,70,0.00025818584229595,8.26183091337131
"424",0.4,75,0.000211319728649424,8.46213826974326
"425",0.4,80,0.000172264633943986,8.66647869409437
"426",0.4,85,0.000141231666799665,8.86510898893025
"427",0.4,90,0.00011843193583649,9.04117214353578
"428",0.4,95,0.000100487703133992,9.20547519482706
"429",0.4,100,8.8243403172287e-05,9.33541161653372
"430",0.4,105,7.66324290706703e-05,9.47649021479363
"431",0.4,110,6.69214325493181e-05,9.6119912751812
"432",0.4,115,6.16437170485833e-05,9.6941392467902
"433",0.4,120,5.40438067275251e-05,9.82571560457892
"434",0.4,125,4.93994170868784e-05,9.91557193370078
"435",0.4,130,4.49661360662611e-05,10.0096008833491
"436",0.4,135,4.07439636656732e-05,10.1082028601536
"437",0.4,140,3.58884654049971e-05,10.2350946120082
"438",0.4,145,3.3144053344615e-05,10.3146472437102
"439",0.4,150,3.1032967144321e-05,10.3804604622797
"440",0.4,155,2.76552292238507e-05,10.4956957258573
"441",0.4,160,2.57552516435862e-05,10.5668720043252
"442",0.4,165,2.38552740633216e-05,10.6435052303461
"443",0.4,170,2.19552964830571e-05,10.7265021499171
"444",0.4,175,2.02664275228219e-05,10.8065448575906
"445",0.4,180,1.92108844226749e-05,10.8600335425416
"446",0.4,185,1.81553413225279e-05,10.916545752805
"447",0.4,190,1.79442327024986e-05,10.9282417925682
"448",0.4,195,1.66775809823222e-05,11.0014451965915
"449",0.4,200,1.64664723622928e-05,11.0141842223689
"450",0.4,205,1.6044255122234e-05,11.0401597087721
"451",0.4,210,1.54109292621458e-05,11.0804336079101
"452",0.4,215,1.47776034020576e-05,11.1223978070091
"453",0.4,220,1.39331689219401e-05,11.1812383070321
"454",0.4,225,1.35109516818813e-05,11.2120099656988
"455",0.4,230,1.26665172017637e-05,11.2765484868364
"456",0.4,235,1.20331913416755e-05,11.3278417812239
"457",0.4,240,1.16109741016167e-05,11.363559863826
"458",0.4,245,1.11887568615579e-05,11.4006011355064
"459",0.4,250,1.05554310014697e-05,11.4588700436303
"460",0.45,0,0.409545234032905,0.892707920170632
"461",0.45,5,0.0472724977400822,3.05182659571508
"462",0.45,10,0.0141499774747102,4.25804224678743
"463",0.45,15,0.00532817046092189,5.23474735283956
"464",0.45,20,0.0028031002567503,5.87702923977937
"465",0.45,25,0.00154130403483461,6.47512644500239
"466",0.45,30,0.000954422071152894,6.95440456176387
"467",0.45,35,0.00059638185158304,7.42462940547794
"468",0.45,40,0.000420317262478525,7.77450074499428
"469",0.45,45,0.000298929805961623,8.11530177480481
"470",0.45,50,0.000221875159650894,8.41339567818153
"471",0.45,55,0.000165509158103045,8.70648402870807
"472",0.45,60,0.000130254018558137,8.94602402515309
"473",0.45,65,0.000103232115194374,9.17853055958361
"474",0.45,70,8.44434480117579e-05,9.3794285019505
"475",0.45,75,7.1143604949906e-05,9.55081011870612
"476",0.45,80,6.24881515287008e-05,9.68053359473442
"477",0.45,85,5.21438291472605e-05,9.8615047124305
"478",0.45,90,4.51772446862905e-05,10.0049170340366
"479",0.45,95,3.84217688453498e-05,10.1668863619817
"480",0.45,100,3.39884878247326e-05,10.289488684074
"481",0.45,105,2.95552068041153e-05,10.4292506264492
"482",0.45,110,2.6177468883645e-05,10.5506114834534
"483",0.45,115,2.53330344035274e-05,10.5834013062764
"484",0.45,120,2.34330568232628e-05,10.6613628477461
"485",0.45,125,2.19552964830571e-05,10.7265021499171
"486",0.45,130,2.02664275228219e-05,10.8065448575906
"487",0.45,135,1.87886671826161e-05,10.8822566793263
"488",0.45,140,1.77331240824692e-05,10.9400762502152
"489",0.45,145,1.73109068424104e-05,10.9641738017942
"490",0.45,150,1.68886896023516e-05,10.9888664143846
"491",0.45,155,1.58331465022046e-05,11.0534049355222
"492",0.45,160,1.56220378821752e-05,11.0668279558543
"493",0.45,165,1.45664947820282e-05,11.1367865444612
"494",0.45,170,1.35109516818813e-05,11.2120099656988
"495",0.45,175,1.26665172017637e-05,11.2765484868364
"496",0.45,180,1.22442999617049e-05,11.3104500385121
"497",0.45,185,1.13998654815873e-05,11.3819090024942
"498",0.45,190,1.13998654815873e-05,11.3819090024942
"499",0.45,195,1.03443223814403e-05,11.4790727509479
"500",0.45,200,1.01332137614109e-05,11.4996920381506
"501",0.45,205,1.01332137614109e-05,11.4996920381506
"502",0.45,210,9.92210514138155e-06,11.5207454473484
"503",0.45,215,9.49988790132276e-06,11.5642305592882
"504",0.45,220,9.07767066126397e-06,11.6096929333649
"505",0.45,225,8.86656204123458e-06,11.6332234307751
"506",0.45,230,8.86656204123458e-06,11.6332234307751
"507",0.45,235,8.44434480117579e-06,11.6820135949445
"508",0.45,240,8.022127561117e-06,11.7333068893321
"509",0.45,245,7.81101894108761e-06,11.7599751364143
"510",0.45,250,7.17769308099942e-06,11.8445325244423
"511",0.5,0,0.311949296776076,1.16491461471198
"512",0.5,5,0.0280918018500715,3.57227749431726
"513",0.5,10,0.00730583601335726,4.91908179633628
"514",0.5,15,0.00260550258840279,5.95012969017747
"515",0.5,20,0.00123118547201143,6.69977777536999
"516",0.5,25,0.000644092399709683,7.34766836434181
"517",0.5,30,0.000388650969474116,7.8528288678254
"518",0.5,35,0.000250163714734833,8.29339499548925
"519",0.5,40,0.000180075652885074,8.6221335015668
"520",0.5,45,0.000134053973718666,8.91726805016579
"521",0.5,50,0.000103865441054462,9.17241433256617
"522",0.5,55,8.48656652518167e-05,9.37444096043946
"523",0.5,60,7.07213877098472e-05,9.55676251723341
"524",0.5,65,6.10103911884951e-05,9.70446636094605
"525",0.5,70,5.44660239675838e-05,9.81793346413686
"526",0.5,75,4.83438739867314e-05,9.93717104550424
"527",0.5,80,4.36994843460847e-05,10.0381742557931
"528",0.5,85,3.71551171251735e-05,10.2004090540203
"529",0.5,90,3.33551619646444e-05,10.3082980160315
"530",0.5,95,2.84996637039683e-05,10.4656182706201
"531",0.5,100,2.55441430235568e-05,10.5751025034617
"532",0.5,105,2.25886223431452e-05,10.6980642145966
"533",0.5,110,2.08997533829101e-05,10.7757731989239
"534",0.5,115,2.02664275228219e-05,10.8065448575906
"535",0.5,120,1.89997758026455e-05,10.8710833787282
"536",0.5,125,1.77331240824692e-05,10.9400762502152
"537",0.5,130,1.66775809823222e-05,11.0014451965915
"538",0.5,135,1.56220378821752e-05,11.0668279558543
"539",0.5,140,1.47776034020576e-05,11.1223978070091
"540",0.5,145,1.47776034020576e-05,11.1223978070091
"541",0.5,150,1.43553861619988e-05,11.1513853438824
"542",0.5,155,1.35109516818813e-05,11.2120099656988
"543",0.5,160,1.32998430618519e-05,11.2277583226669
"544",0.5,165,1.24554085817343e-05,11.2933556051528
"545",0.5,170,1.16109741016167e-05,11.363559863826
"546",0.5,175,1.09776482415285e-05,11.4196493304771
"547",0.5,180,1.05554310014697e-05,11.4588700436303
"548",0.5,185,1.01332137614109e-05,11.4996920381506
"549",0.5,190,1.01332137614109e-05,11.4996920381506
"550",0.5,195,9.28877928129337e-06,11.5867034151402
"551",0.5,200,9.07767066126397e-06,11.6096929333649
"552",0.5,205,9.07767066126397e-06,11.6096929333649
"553",0.5,210,8.86656204123458e-06,11.6332234307751
"554",0.5,215,8.44434480117579e-06,11.6820135949445
"555",0.5,220,8.022127561117e-06,11.7333068893321
"556",0.5,225,8.022127561117e-06,11.7333068893321
"557",0.5,230,8.022127561117e-06,11.7333068893321
"558",0.5,235,7.59991032105821e-06,11.7873741106024
"559",0.5,240,7.17769308099942e-06,11.8445325244423
"560",0.5,245,6.96658446097003e-06,11.874385487592
"561",0.5,250,6.54436722091124e-06,11.9369058445733
"562",0.55,0,0.309578124755906,1.17254479623602
"563",0.55,5,0.0257206298299013,3.66046189196926
"564",0.55,10,0.0049346639931871,5.31147069490159
"565",0.55,15,0.00177859012374765,6.33193429383792
"566",0.55,20,0.000736557975282558,7.21352260787171
"567",0.55,25,0.000386962100513881,7.85718380121877
"568",0.55,30,0.000222719594131011,8.40959700314831
"569",0.55,35,0.000147564925400547,8.82124230682467
"570",0.55,40,0.00010829872207508,9.13061720388771
"571",0.55,45,8.52878824918755e-05,9.36947817109733
"572",0.55,50,6.86103015095533e-05,9.58706786672874
"573",0.55,55,5.7210436027966e-05,9.76877422817878
"574",0.55,60,4.85549826067608e-05,9.93281374013528
"575",0.55,65,4.30661584859965e-05,10.0527730552143
"576",0.55,70,3.92662033254674e-05,10.1451463753453
"577",0.55,75,3.52551395449089e-05,10.2528992366417
"578",0.55,80,3.18774016244386e-05,10.3536132122436
"579",0.55,85,2.80774464639095e-05,10.4805439208367
"580",0.55,90,2.53330344035274e-05,10.5834013062764
"581",0.55,95,2.19552964830571e-05,10.7265021499171
"582",0.55,100,1.98442102827631e-05,10.8275982667885
"583",0.55,105,1.75220154624398e-05,10.9520524412619
"584",0.55,110,1.64664723622928e-05,11.0141842223689
"585",0.55,115,1.58331465022046e-05,11.0534049355222
"586",0.55,120,1.4988712022087e-05,11.1082131720172
"587",0.55,125,1.37220603019107e-05,11.1965057791628
"588",0.55,130,1.32998430618519e-05,11.2277583226669
"589",0.55,135,1.24554085817343e-05,11.2933556051528
"590",0.55,140,1.18220827216461e-05,11.3455413583233
"591",0.55,145,1.18220827216461e-05,11.3455413583233
"592",0.55,150,1.13998654815873e-05,11.3819090024942
"593",0.55,155,1.11887568615579e-05,11.4006011355064
"594",0.55,160,1.11887568615579e-05,11.4006011355064
"595",0.55,165,1.05554310014697e-05,11.4588700436303
"596",0.55,170,9.92210514138155e-06,11.5207454473484
"597",0.55,175,9.49988790132276e-06,11.5642305592882
"598",0.55,180,9.07767066126397e-06,11.6096929333649
"599",0.55,185,8.86656204123458e-06,11.6332234307751
"600",0.55,190,8.86656204123458e-06,11.6332234307751
"601",0.55,195,8.022127561117e-06,11.7333068893321
"602",0.55,200,7.81101894108761e-06,11.7599751364143
"603",0.55,205,7.81101894108761e-06,11.7599751364143
"604",0.55,210,7.59991032105821e-06,11.7873741106024
"605",0.55,215,7.17769308099942e-06,11.8445325244423
"606",0.55,220,6.75547584094063e-06,11.9051571462588
"607",0.55,225,6.75547584094063e-06,11.9051571462588
"608",0.55,230,6.75547584094063e-06,11.9051571462588
"609",0.55,235,6.33325860088184e-06,11.9696956673963
"610",0.55,240,5.91104136082305e-06,12.0386885388833
"611",0.55,245,5.69993274079366e-06,12.0750561830541
"612",0.55,250,5.48882412076426e-06,12.112796511037
"613",0.6,0,0.291787579128788,1.23172921018466
"614",0.6,5,0.0181897520275927,4.00689691889287
"615",0.6,10,0.00344128161509916,5.67191131445219
"616",0.6,15,0.00107032070354903,6.83979695247325
"617",0.6,20,0.000457261270983669,7.69025562149754
"618",0.6,25,0.000238552740633216,8.34092013735209
"619",0.6,30,0.000143976078860047,8.84586339121502
"620",0.6,35,9.81655083136686e-05,9.22885564347112
"621",0.6,40,7.62102118306115e-05,9.4820150907256
"622",0.6,45,6.26992601487302e-05,9.67716091025578
"623",0.6,50,5.29882636273781e-05,9.8454401099267
"624",0.6,55,4.62327877864375e-05,9.98182131924198
"625",0.6,60,4.09550722857026e-05,10.1030348899952
"626",0.6,65,3.65217912650853e-05,10.2176014545607
"627",0.6,70,3.3144053344615e-05,10.3146472437102
"628",0.6,75,2.93440981840859e-05,10.4364191159278
"629",0.6,80,2.65996861237037e-05,10.534611142107
"630",0.6,85,2.34330568232628e-05,10.6613628477461
"631",0.6,90,2.06886447628807e-05,10.7859255703879
"632",0.6,95,1.83664499425573e-05,10.9049849304039
"633",0.6,100,1.66775809823222e-05,11.0014451965915
"634",0.6,105,1.45664947820282e-05,11.1367865444612
"635",0.6,110,1.37220603019107e-05,11.1965057791628
"636",0.6,115,1.30887344418225e-05,11.2437586640134
"637",0.6,120,1.22442999617049e-05,11.3104500385121
"638",0.6,125,1.13998654815873e-05,11.3819090024942
"639",0.6,130,1.11887568615579e-05,11.4006011355064
"640",0.6,135,1.09776482415285e-05,11.4196493304771
"641",0.6,140,1.05554310014697e-05,11.4588700436303
"642",0.6,145,1.05554310014697e-05,11.4588700436303
"643",0.6,150,1.01332137614109e-05,11.4996920381506
"644",0.6,155,9.92210514138155e-06,11.5207454473484
"645",0.6,160,9.92210514138155e-06,11.5207454473484
"646",0.6,165,9.28877928129337e-06,11.5867034151402
"647",0.6,170,8.65545342120519e-06,11.6573209823542
"648",0.6,175,8.2332361811464e-06,11.7073314029288
"649",0.6,180,8.022127561117e-06,11.7333068893321
"650",0.6,185,8.022127561117e-06,11.7333068893321
"651",0.6,190,8.022127561117e-06,11.7333068893321
"652",0.6,195,7.17769308099942e-06,11.8445325244423
"653",0.6,200,6.96658446097003e-06,11.874385487592
"654",0.6,205,6.96658446097003e-06,11.874385487592
"655",0.6,210,6.75547584094063e-06,11.9051571462588
"656",0.6,215,6.33325860088184e-06,11.9696956673963
"657",0.6,220,6.12214998085245e-06,12.003597219072
"658",0.6,225,6.12214998085245e-06,12.003597219072
"659",0.6,230,6.12214998085245e-06,12.003597219072
"660",0.6,235,5.69993274079366e-06,12.0750561830541
"661",0.6,240,5.27771550073487e-06,12.1520172241903
"662",0.6,245,5.06660688070547e-06,12.1928392187105
"663",0.6,250,4.85549826067608e-06,12.2353988331293
"664",0.65,0,0.289120432823337,1.24091195510234
"665",0.65,5,0.0155226057221414,4.16545788385189
"666",0.65,10,0.00234942783230713,6.05358345608505
"667",0.65,15,0.000720724828780354,7.23525314570409
"668",0.65,20,0.000328273904145709,8.02166222444514
"669",0.65,25,0.000175431263244427,8.64826325420303
"670",0.65,30,0.000105765418634727,9.15428694797362
"671",0.65,35,7.45213428703764e-05,9.50442499212518
"672",0.65,40,5.93215222282599e-05,9.73253837972473
"673",0.65,45,4.87660912267902e-05,9.92847533853669
"674",0.65,50,4.15883981457908e-05,10.0876893203205
"675",0.65,55,3.65217912650853e-05,10.2176014545607
"676",0.65,60,3.2088510244468e-05,10.3470125282122
"677",0.65,65,2.82885550839389e-05,10.4730532491076
"678",0.65,70,2.59663602636156e-05,10.5587086936861
"679",0.65,75,2.25886223431452e-05,10.6980642145966
"680",0.65,80,2.00553189027925e-05,10.8170161574579
"681",0.65,85,1.77331240824692e-05,10.9400762502152
"682",0.65,90,1.51998206421164e-05,11.0942269300424
"683",0.65,95,1.37220603019107e-05,11.1965057791628
"684",0.65,100,1.24554085817343e-05,11.2933556051528
"685",0.65,105,1.09776482415285e-05,11.4196493304771
"686",0.65,110,1.05554310014697e-05,11.4588700436303
"687",0.65,115,9.92210514138155e-06,11.5207454473484
"688",0.65,120,9.28877928129337e-06,11.5867034151402
"689",0.65,125,8.44434480117579e-06,11.6820135949445
"690",0.65,130,8.44434480117579e-06,11.6820135949445
"691",0.65,135,8.2332361811464e-06,11.7073314029288
"692",0.65,140,7.81101894108761e-06,11.7599751364143
"693",0.65,145,7.81101894108761e-06,11.7599751364143
"694",0.65,150,7.38880170102882e-06,11.8155449875691
"695",0.65,155,7.17769308099942e-06,11.8445325244423
"696",0.65,160,7.17769308099942e-06,11.8445325244423
"697",0.65,165,6.75547584094063e-06,11.9051571462588
"698",0.65,170,6.33325860088184e-06,11.9696956673963
"699",0.65,175,6.12214998085245e-06,12.003597219072
"700",0.65,180,5.91104136082305e-06,12.0386885388833
"701",0.65,185,5.91104136082305e-06,12.0386885388833
"702",0.65,190,5.91104136082305e-06,12.0386885388833
"703",0.65,195,5.06660688070547e-06,12.1928392187105
"704",0.65,200,5.06660688070547e-06,12.1928392187105
"705",0.65,205,5.06660688070547e-06,12.1928392187105
"706",0.65,210,5.06660688070547e-06,12.1928392187105
"707",0.65,215,4.64438964064668e-06,12.2798505957002
"708",0.65,220,4.43328102061729e-06,12.3263706113351
"709",0.65,225,4.43328102061729e-06,12.3263706113351
"710",0.65,230,4.43328102061729e-06,12.3263706113351
"711",0.65,235,4.0110637805585e-06,12.426454069892
"712",0.65,240,3.58884654049971e-06,12.5376797050023
"713",0.65,245,3.37773792047032e-06,12.5983043268187
"714",0.65,250,3.37773792047032e-06,12.5983043268187
"715",0.7,0,0.254531552083241,1.3683304739246
"716",0.7,5,0.0097587070694788,4.62959535972184
"717",0.7,10,0.00173446842216151,6.35705429745008
"718",0.7,15,0.000521227182852576,7.5593245597133
"719",0.7,20,0.000232008373412305,8.36873709465486
"720",0.7,25,0.000127298497877725,8.96897585233129
"721",0.7,30,7.83212980309055e-05,9.45469098645104
"722",0.7,35,5.63660015478484e-05,9.78364439065823
"723",0.7,40,4.45439188262023e-05,10.0190349155824
"724",0.7,45,3.71551171251735e-05,10.2004090540203
"725",0.7,50,3.2088510244468e-05,10.3470125282122
"726",0.7,55,2.74441206038213e-05,10.5033585986029
"727",0.7,60,2.4066382683351e-05,10.634694600664
"728",0.7,65,2.08997533829101e-05,10.7757731989239
"729",0.7,70,1.94219930427043e-05,10.8491044720094
"730",0.7,75,1.64664723622928e-05,11.0141842223689
"731",0.7,80,1.45664947820282e-05,11.1367865444612
"732",0.7,85,1.26665172017637e-05,11.2765484868364
"733",0.7,90,1.01332137614109e-05,11.4996920381506
"734",0.7,95,8.86656204123458e-06,11.6332234307751
"735",0.7,100,7.81101894108761e-06,11.7599751364143
"736",0.7,105,6.96658446097003e-06,11.874385487592
"737",0.7,110,6.54436722091124e-06,11.9369058445733
"738",0.7,115,5.91104136082305e-06,12.0386885388833
"739",0.7,120,5.27771550073487e-06,12.1520172241903
"740",0.7,125,4.43328102061729e-06,12.3263706113351
"741",0.7,130,4.43328102061729e-06,12.3263706113351
"742",0.7,135,4.22217240058789e-06,12.3751607755045
"743",0.7,140,4.22217240058789e-06,12.3751607755045
"744",0.7,145,4.22217240058789e-06,12.3751607755045
"745",0.7,150,4.0110637805585e-06,12.426454069892
"746",0.7,155,4.0110637805585e-06,12.426454069892
"747",0.7,160,4.0110637805585e-06,12.426454069892
"748",0.7,165,3.79995516052911e-06,12.4805212911623
"749",0.7,170,3.79995516052911e-06,12.4805212911623
"750",0.7,175,3.58884654049971e-06,12.5376797050023
"751",0.7,180,3.37773792047032e-06,12.5983043268187
"752",0.7,185,3.37773792047032e-06,12.5983043268187
"753",0.7,190,3.37773792047032e-06,12.5983043268187
"754",0.7,195,2.74441206038213e-06,12.8059436915969
"755",0.7,200,2.74441206038213e-06,12.8059436915969
"756",0.7,205,2.74441206038213e-06,12.8059436915969
"757",0.7,210,2.74441206038213e-06,12.8059436915969
"758",0.7,215,2.53330344035274e-06,12.8859863992705
"759",0.7,220,2.32219482032334e-06,12.9729977762601
"760",0.7,225,2.32219482032334e-06,12.9729977762601
"761",0.7,230,2.32219482032334e-06,12.9729977762601
"762",0.7,235,2.11108620029395e-06,13.0683079560644
"763",0.7,240,1.89997758026455e-06,13.1736684717223
"764",0.7,245,1.68886896023516e-06,13.2914515073786
"765",0.7,250,1.68886896023516e-06,13.2914515073786
"766",0.75,0,0.241971644734592,1.41893473020867
"767",0.75,5,0.00660495539485967,5.01993509426916
"768",0.75,10,0.00111085355859468,6.80262658745824
"769",0.75,15,0.000351284743728913,7.95391342767733
"770",0.75,20,0.000159387008122193,8.74417529980945
"771",0.75,25,8.718786007214e-05,9.34744545609745
"772",0.75,30,5.15105032871723e-05,9.87372482376528
"773",0.75,35,3.75773343652323e-05,10.1891094987664
"774",0.75,40,3.01885326642035e-05,10.4080484187986
"775",0.75,45,2.55441430235568e-05,10.5751025034617
"776",0.75,50,2.17441878630277e-05,10.7361640608288
"777",0.75,55,1.94219930427043e-05,10.8491044720094
"778",0.75,60,1.68886896023516e-05,10.9888664143846
"779",0.75,65,1.4988712022087e-05,11.1082131720172
"780",0.75,70,1.35109516818813e-05,11.2120099656988
"781",0.75,75,1.11887568615579e-05,11.4006011355064
"782",0.75,80,9.49988790132276e-06,11.5642305592882
"783",0.75,85,7.81101894108761e-06,11.7599751364143
"784",0.75,90,5.91104136082305e-06,12.0386885388833
"785",0.75,95,4.85549826067608e-06,12.2353988331293
"786",0.75,100,4.0110637805585e-06,12.426454069892
"787",0.75,105,3.79995516052911e-06,12.4805212911623
"788",0.75,110,3.37773792047032e-06,12.5983043268187
"789",0.75,115,2.74441206038213e-06,12.8059436915969
"790",0.75,120,2.11108620029395e-06,13.0683079560644
"791",0.75,125,1.68886896023516e-06,13.2914515073786
"792",0.75,130,1.68886896023516e-06,13.2914515073786
"793",0.75,135,1.68886896023516e-06,13.2914515073786
"794",0.75,140,1.68886896023516e-06,13.2914515073786
"795",0.75,145,1.68886896023516e-06,13.2914515073786
"796",0.75,150,1.68886896023516e-06,13.2914515073786
"797",0.75,155,1.68886896023516e-06,13.2914515073786
"798",0.75,160,1.68886896023516e-06,13.2914515073786
"799",0.75,165,1.47776034020576e-06,13.4249829000032
"800",0.75,170,1.47776034020576e-06,13.4249829000032
"801",0.75,175,1.47776034020576e-06,13.4249829000032
"802",0.75,180,1.26665172017637e-06,13.5791335798304
"803",0.75,185,1.26665172017637e-06,13.5791335798304
"804",0.75,190,1.26665172017637e-06,13.5791335798304
"805",0.75,195,8.44434480117579e-07,13.9845986879386
"806",0.75,200,8.44434480117579e-07,13.9845986879386
"807",0.75,205,8.44434480117579e-07,13.9845986879386
"808",0.75,210,8.44434480117579e-07,13.9845986879386
"809",0.75,215,8.44434480117579e-07,13.9845986879386
"810",0.75,220,8.44434480117579e-07,13.9845986879386
"811",0.75,225,8.44434480117579e-07,13.9845986879386
"812",0.75,230,8.44434480117579e-07,13.9845986879386
"813",0.75,235,6.33325860088184e-07,14.2722807603904
"814",0.75,240,6.33325860088184e-07,14.2722807603904
"815",0.75,245,4.2221724005879e-07,14.6777458684985
"816",0.75,250,4.2221724005879e-07,14.6777458684985
"817",0.8,0,0.237507752964071,1.437555011981
"818",0.8,5,0.00571259925799542,5.1650811473337
"819",0.8,10,0.000864700907640401,7.05312688233914
"820",0.8,15,0.000258396950915979,8.26101358598621
"821",0.8,20,0.000113576437575814,9.0830344888967
"822",0.8,25,6.22770429086715e-05,9.68391769271866
"823",0.8,30,3.58884654049971e-05,10.2350946120082
"824",0.8,35,2.63885775036743e-05,10.5425793117562
"825",0.8,40,2.11108620029395e-05,10.7657228630704
"826",0.8,45,1.75220154624398e-05,10.9520524412619
"827",0.8,50,1.43553861619988e-05,11.1513853438824
"828",0.8,55,1.28776258217931e-05,11.2600191848852
"829",0.8,60,1.13998654815873e-05,11.3819090024942
"830",0.8,65,1.01332137614109e-05,11.4996920381506
"831",0.8,70,9.28877928129337e-06,11.5867034151402
"832",0.8,75,7.38880170102882e-06,11.8155449875691
"833",0.8,80,5.91104136082305e-06,12.0386885388833
"834",0.8,85,4.64438964064668e-06,12.2798505957002
"835",0.8,90,3.16662930044092e-06,12.6628428479563
"836",0.8,95,2.53330344035274e-06,12.8859863992705
"837",0.8,100,2.11108620029395e-06,13.0683079560644
"838",0.8,105,2.11108620029395e-06,13.0683079560644
"839",0.8,110,2.11108620029395e-06,13.0683079560644
"840",0.8,115,1.68886896023516e-06,13.2914515073786
"841",0.8,120,1.26665172017637e-06,13.5791335798304
"842",0.8,125,8.44434480117579e-07,13.9845986879386
"843",0.8,130,8.44434480117579e-07,13.9845986879386
"844",0.8,135,8.44434480117579e-07,13.9845986879386
"845",0.8,140,8.44434480117579e-07,13.9845986879386
"846",0.8,145,8.44434480117579e-07,13.9845986879386
"847",0.8,150,8.44434480117579e-07,13.9845986879386
"848",0.8,155,8.44434480117579e-07,13.9845986879386
"849",0.8,160,8.44434480117579e-07,13.9845986879386
"850",0.8,165,6.33325860088184e-07,14.2722807603904
"851",0.8,170,6.33325860088184e-07,14.2722807603904
"852",0.8,175,6.33325860088184e-07,14.2722807603904
"853",0.8,180,4.2221724005879e-07,14.6777458684985
"854",0.8,185,4.2221724005879e-07,14.6777458684985
"855",0.8,190,4.2221724005879e-07,14.6777458684985
"856",0.8,195,2.11108620029395e-07,15.3708930490585
"857",0.8,200,2.11108620029395e-07,15.3708930490585
"858",0.8,205,2.11108620029395e-07,15.3708930490585
"859",0.8,210,2.11108620029395e-07,15.3708930490585
"860",0.8,215,2.11108620029395e-07,15.3708930490585
"861",0.8,220,2.11108620029395e-07,15.3708930490585
"862",0.8,225,2.11108620029395e-07,15.3708930490585
"863",0.8,230,2.11108620029395e-07,15.3708930490585
"864",0.8,235,2.11108620029395e-07,15.3708930490585
"865",0.8,240,2.11108620029395e-07,15.3708930490585
"866",0.8,245,2.11108620029395e-07,15.3708930490585
"867",0.8,250,2.11108620029395e-07,15.3708930490585
"868",0.85,0,0.235628464028569,1.44549901944042
"869",0.85,5,0.00383331032249375,5.56402653512678
"870",0.85,10,0.000523971594912958,7.55407308329393
"871",0.85,15,0.000164664723622928,8.71159912937484
"872",0.85,20,7.83212980309055e-05,9.45469098645104
"873",0.85,25,4.26439412459377e-05,10.0626253516573
"874",0.85,30,2.44885999234098e-05,10.6173028579521
"875",0.85,35,1.77331240824692e-05,10.9400762502152
"876",0.85,40,1.45664947820282e-05,11.1367865444612
"877",0.85,45,1.11887568615579e-05,11.4006011355064
"878",0.85,50,9.49988790132276e-06,11.5642305592882
"879",0.85,55,8.65545342120519e-06,11.6573209823542
"880",0.85,60,7.59991032105821e-06,11.7873741106024
"881",0.85,65,6.33325860088184e-06,11.9696956673963
"882",0.85,70,5.48882412076426e-06,12.112796511037
"883",0.85,75,4.43328102061729e-06,12.3263706113351
"884",0.85,80,3.37773792047032e-06,12.5983043268187
"885",0.85,85,2.74441206038213e-06,12.8059436915969
"886",0.85,90,1.89997758026455e-06,13.1736684717223
"887",0.85,95,1.26665172017637e-06,13.5791335798304
"888",0.85,100,1.05554310014697e-06,13.7614551366244
"889",0.85,105,1.05554310014697e-06,13.7614551366244
"890",0.85,110,1.05554310014697e-06,13.7614551366244
"891",0.85,115,8.44434480117579e-07,13.9845986879386
"892",0.85,120,6.33325860088184e-07,14.2722807603904
"893",0.85,125,4.2221724005879e-07,14.6777458684985
"894",0.85,130,4.2221724005879e-07,14.6777458684985
"895",0.85,135,4.2221724005879e-07,14.6777458684985
"896",0.85,140,4.2221724005879e-07,14.6777458684985
"897",0.85,145,4.2221724005879e-07,14.6777458684985
"898",0.85,150,4.2221724005879e-07,14.6777458684985
"899",0.85,155,4.2221724005879e-07,14.6777458684985
"900",0.85,160,4.2221724005879e-07,14.6777458684985
"901",0.85,165,4.2221724005879e-07,14.6777458684985
"902",0.85,170,4.2221724005879e-07,14.6777458684985
"903",0.85,175,4.2221724005879e-07,14.6777458684985
"904",0.85,180,2.11108620029395e-07,15.3708930490585
"905",0.85,185,2.11108620029395e-07,15.3708930490585
"906",0.85,190,2.11108620029395e-07,15.3708930490585
"907",0.85,195,2.11108620029395e-07,15.3708930490585
"908",0.85,200,2.11108620029395e-07,15.3708930490585
"909",0.85,205,2.11108620029395e-07,15.3708930490585
"910",0.85,210,2.11108620029395e-07,15.3708930490585
"911",0.85,215,2.11108620029395e-07,15.3708930490585
"912",0.85,220,2.11108620029395e-07,15.3708930490585
"913",0.85,225,2.11108620029395e-07,15.3708930490585
"914",0.85,230,2.11108620029395e-07,15.3708930490585
"915",0.85,235,2.11108620029395e-07,15.3708930490585
"916",0.85,240,2.11108620029395e-07,15.3708930490585
"917",0.85,245,2.11108620029395e-07,15.3708930490585
"918",0.85,250,2.11108620029395e-07,15.3708930490585
"919",0.9,0,0.234077660105833,1.45210233789053
"920",0.9,5,0.00228250639975782,6.08248114166214
"921",0.9,10,0.000399839726335674,7.82444677531246
"922",0.9,15,9.45766617731689e-05,9.26609981664349
"923",0.9,20,4.83438739867314e-05,9.93717104550424
"924",0.9,25,2.46997085434392e-05,10.6087191142607
"925",0.9,30,1.30887344418225e-05,11.2437586640134
"926",0.9,35,9.28877928129337e-06,11.5867034151402
"927",0.9,40,7.38880170102882e-06,11.8155449875691
"928",0.9,45,5.48882412076426e-06,12.112796511037
"929",0.9,50,4.85549826067608e-06,12.2353988331293
"930",0.9,55,4.64438964064668e-06,12.2798505957002
"931",0.9,60,4.0110637805585e-06,12.426454069892
"932",0.9,65,3.58884654049971e-06,12.5376797050023
"933",0.9,70,3.37773792047032e-06,12.5983043268187
"934",0.9,75,3.16662930044092e-06,12.6628428479563
"935",0.9,80,2.32219482032334e-06,12.9729977762601
"936",0.9,85,1.89997758026455e-06,13.1736684717223
"937",0.9,90,1.26665172017637e-06,13.5791335798304
"938",0.9,95,1.05554310014697e-06,13.7614551366244
"939",0.9,100,1.05554310014697e-06,13.7614551366244
"940",0.9,105,1.05554310014697e-06,13.7614551366244
"941",0.9,110,1.05554310014697e-06,13.7614551366244
"942",0.9,115,8.44434480117579e-07,13.9845986879386
"943",0.9,120,6.33325860088184e-07,14.2722807603904
"944",0.9,125,4.2221724005879e-07,14.6777458684985
"945",0.9,130,4.2221724005879e-07,14.6777458684985
"946",0.9,135,4.2221724005879e-07,14.6777458684985
"947",0.9,140,4.2221724005879e-07,14.6777458684985
"948",0.9,145,4.2221724005879e-07,14.6777458684985
"949",0.9,150,4.2221724005879e-07,14.6777458684985
"950",0.9,155,4.2221724005879e-07,14.6777458684985
"951",0.9,160,4.2221724005879e-07,14.6777458684985
"952",0.9,165,4.2221724005879e-07,14.6777458684985
"953",0.9,170,4.2221724005879e-07,14.6777458684985
"954",0.9,175,4.2221724005879e-07,14.6777458684985
"955",0.9,180,2.11108620029395e-07,15.3708930490585
"956",0.9,185,2.11108620029395e-07,15.3708930490585
"957",0.9,190,2.11108620029395e-07,15.3708930490585
"958",0.9,195,2.11108620029395e-07,15.3708930490585
"959",0.9,200,2.11108620029395e-07,15.3708930490585
"960",0.9,205,2.11108620029395e-07,15.3708930490585
"961",0.9,210,2.11108620029395e-07,15.3708930490585
"962",0.9,215,2.11108620029395e-07,15.3708930490585
"963",0.9,220,2.11108620029395e-07,15.3708930490585
"964",0.9,225,2.11108620029395e-07,15.3708930490585
"965",0.9,230,2.11108620029395e-07,15.3708930490585
"966",0.9,235,2.11108620029395e-07,15.3708930490585
"967",0.9,240,2.11108620029395e-07,15.3708930490585
"968",0.9,245,2.11108620029395e-07,15.3708930490585
"969",0.9,250,2.11108620029395e-07,15.3708930490585
"970",0.95,0,0.233855784946182,1.45305065726639
"971",0.95,5,0.00206063124010692,6.18474291588351
"972",0.95,10,0.00017796456668478,8.63392609105662
"973",0.95,15,4.93994170868784e-05,9.91557193370078
"974",0.95,20,2.78663378438801e-05,10.4880911264721
"975",0.95,25,1.26665172017637e-05,11.2765484868364
"976",0.95,30,4.43328102061729e-06,12.3263706113351
"977",0.95,35,2.74441206038213e-06,12.8059436915969
"978",0.95,40,2.53330344035274e-06,12.8859863992705
"979",0.95,45,1.47776034020576e-06,13.4249829000032
"980",0.95,50,1.05554310014697e-06,13.7614551366244
"981",0.95,55,1.05554310014697e-06,13.7614551366244
"982",0.95,60,8.44434480117579e-07,13.9845986879386
"983",0.95,65,8.44434480117579e-07,13.9845986879386
"984",0.95,70,6.33325860088184e-07,14.2722807603904
"985",0.95,75,6.33325860088184e-07,14.2722807603904
"986",0.95,80,6.33325860088184e-07,14.2722807603904
"987",0.95,85,6.33325860088184e-07,14.2722807603904
"988",0.95,90,6.33325860088184e-07,14.2722807603904
"989",0.95,95,6.33325860088184e-07,14.2722807603904
"990",0.95,100,6.33325860088184e-07,14.2722807603904
"991",0.95,105,6.33325860088184e-07,14.2722807603904
"992",0.95,110,6.33325860088184e-07,14.2722807603904
"993",0.95,115,4.2221724005879e-07,14.6777458684985
"994",0.95,120,2.11108620029395e-07,15.3708930490585
"995",0.95,125,2.11108620029395e-07,15.3708930490585
"996",0.95,130,2.11108620029395e-07,15.3708930490585
"997",0.95,135,2.11108620029395e-07,15.3708930490585
"998",0.95,140,2.11108620029395e-07,15.3708930490585
"999",0.95,145,2.11108620029395e-07,15.3708930490585
"1000",0.95,150,2.11108620029395e-07,15.3708930490585
"1001",0.95,155,2.11108620029395e-07,15.3708930490585
"1002",0.95,160,2.11108620029395e-07,15.3708930490585
"1003",0.95,165,2.11108620029395e-07,15.3708930490585
"1004",0.95,170,2.11108620029395e-07,15.3708930490585
"1005",0.95,175,2.11108620029395e-07,15.3708930490585
"1006",0.95,180,2.11108620029395e-07,15.3708930490585
"1007",0.95,185,2.11108620029395e-07,15.3708930490585
"1008",0.95,190,2.11108620029395e-07,15.3708930490585
"1009",0.95,195,2.11108620029395e-07,15.3708930490585
"1010",0.95,200,2.11108620029395e-07,15.3708930490585
"1011",0.95,205,2.11108620029395e-07,15.3708930490585
"1012",0.95,210,2.11108620029395e-07,15.3708930490585
"1013",0.95,215,2.11108620029395e-07,15.3708930490585
"1014",0.95,220,2.11108620029395e-07,15.3708930490585
"1015",0.95,225,2.11108620029395e-07,15.3708930490585
"1016",0.95,230,2.11108620029395e-07,15.3708930490585
"1017",0.95,235,2.11108620029395e-07,15.3708930490585
"1018",0.95,240,2.11108620029395e-07,15.3708930490585
"1019",0.95,245,2.11108620029395e-07,15.3708930490585
"1020",0.95,250,2.11108620029395e-07,15.3708930490585
